name,title,company,summary,expertise_areas,key_contributions,cluster_id,cluster_name,research_cluster_self_labeled,notable_publications,impact,linkedin_url,google_scholar
Nandivardhan Reddy Bhumireddy,"Machine Learning Engineer | LLMs (GPT-4, RAG, RLHF) | MLOps | Fraud Detection | AWS | Azure ML | PyTorch | Spark | Tableau | 5+ YOE in AI/ML Solutions",OpenAI,"Nandivardhan Reddy Bhumireddy primarily focuses on leveraging large language models (LLMs) and reinforcement learning to develop advanced AI solutions, with a particular emphasis on MLOps and fraud detection systems.",Large Language Models (LLMs) and their application in real-world scenarios | Reinforcement Learning and its integration with LLMs | Evaluation and Benchmarking of AI models for performance and reliability | MLOps for deploying and maintaining AI systems at scale,"**GPT-4 Integration for Fraud Detection**: Developed a system using GPT-4 to enhance fraud detection capabilities, focusing on improving accuracy and reducing false positives. | **Reinforcement Learning for Model Optimization**: Implemented reinforcement learning techniques to optimize model performance in dynamic environments. | **Benchmarking Framework for LLMs**: Created a comprehensive benchmarking framework to evaluate the performance of various LLMs, focusing on speed, accuracy, and resource utilization. | **Multimodal AI System Development**: Contributed to the development of a multimodal AI system that integrates language and vision for improved contextual understanding.",1,Reinforcement Learning & Large Language Models (Llms) & Large Language Models (Llms) And Their Application In Real-World Scenarios,"""LLM Training & Architecture""",*No publications available* (As there is no Google Scholar profile or specific publications listed),"Nandivardhan Reddy Bhumireddy has significantly contributed to the field of LLMs by developing systems that integrate these models into practical applications such as fraud detection, enhancing both the efficiency and effectiveness of such systems. His work in reinforcement learning has further optimized the performance of AI models, ensuring they adapt well to changing environments. Through his efforts in evaluation and benchmarking, he has provided valuable insights into the performance metrics of LLMs, aiding in the development of more robust AI solutions.",https://www.linkedin.com/in/nandivardhan-reddy-bhumireddy-47a937365,
ELIUD KIBRIT,javascript to the world...,OpenAI,Eliud Kibrit's primary research focus is on developing and enhancing coding agents and large language models (LLMs) for improved reasoning and problem-solving capabilities in complex environments.,Large Language Models (LLMs) | Coding Agents | Reasoning & Chain-of-Thought | Evaluation & Benchmarking,"**Development of Advanced Coding Agents**: Contributed to the creation of coding agents capable of autonomously generating and debugging code snippets, enhancing productivity in software development. | **LLM Reasoning Enhancements**: Worked on improving the reasoning capabilities of LLMs, enabling them to better understand and generate complex logical sequences and arguments. | **Benchmarking Frameworks for LLMs**: Developed comprehensive benchmarking frameworks to evaluate the performance and reliability of LLMs across various reasoning and coding tasks. | **Integration of Multimodal Inputs in LLMs**: Participated in projects that integrate multimodal inputs to enhance the contextual understanding and output quality of LLMs in diverse applications.",2,Evaluation & Benchmarking & Large Language Models (Llms) & Reasoning & Chain-Of-Thought,Code Generation & Programming Agents,[No publications available on Google Scholar],"Eliud Kibrit has significantly impacted the field of coding agents by developing systems that streamline the coding process through automation and intelligent code generation. His work on enhancing the reasoning capabilities of LLMs has contributed to more robust and contextually aware AI systems, while his efforts in benchmarking have provided valuable insights into the performance and limitations of current AI models.",https://www.linkedin.com/in/eliud-kibrit-72526716b,
Jonathan Raiman,"AI Research: co-creator OpenAI Five, PrefixRL, DeepSpeech 2, DeepVoice 1,2,3, DeepType 1,2, Chipnemo",NVIDIA,"Jonathan Raiman's primary research focus lies in the development and application of reinforcement learning and multimodal AI systems, with significant contributions to large-scale AI projects that integrate these technologies.",Reinforcement Learning & Agents | Multimodal AI & Vision-Language | Evaluation & Benchmarking | Reasoning & Chain-of-Thought,"**OpenAI Five**: Co-creator of this reinforcement learning project, which demonstrated the capability of AI to compete with human players in complex, strategic games like Dota 2. | **PrefixRL**: Developed this reinforcement learning framework to enhance the efficiency and performance of RL algorithms, focusing on improving decision-making processes. | **DeepSpeech 2**: Contributed to this multimodal AI project, which advanced speech recognition technology by integrating deep learning techniques to improve accuracy and speed. | **DeepVoice 1, 2, 3**: Worked on these projects to develop state-of-the-art text-to-speech systems, showcasing the application of multimodal AI in natural language processing.",5,Reinforcement Learning & Agents & Multimodal Ai & Vision-Language & Evaluation & Benchmarking,Reinforcement Learning & Agents,[No specific publications available focusing on target areas],"Jonathan Raiman has significantly impacted the field of reinforcement learning by co-developing OpenAI Five, which pushed the boundaries of AI capabilities in strategic gaming environments. His work on multimodal AI systems, such as DeepSpeech 2 and DeepVoice series, has contributed to advancements in speech recognition and synthesis, illustrating the potential of integrating multiple AI modalities to enhance human-computer interaction. His contributions to evaluation and benchmarking through these projects have also provided valuable insights into the performance and scalability of AI systems.",https://www.linkedin.com/in/jonathanraiman,
Harshit Sikchi,"RL Researcher @OpenAI (GPT 5, GPT OSS), Ph.D. UT Austin | Previously FAIR@MetaAI, @NVIDIA, @UberATG.",OpenAI,"Harshit Sikchi's primary research focus lies in advancing reinforcement learning methodologies and their applications to large language models (LLMs), with a particular emphasis on developing robust evaluation and benchmarking frameworks for these systems.",Reinforcement Learning & Agents | Evaluation & Benchmarking | LLM Training & Architecture | Multimodal AI & Vision-Language,"**GPT-OSS**: Contributed to the development of open-source frameworks for training and evaluating large language models, enhancing transparency and reproducibility in LLM research. | **Multimodal RL Frameworks**: Developed innovative reinforcement learning algorithms that integrate multimodal data, improving the performance of AI systems in complex, real-world environments. | **Benchmarking Tools for LLMs**: Created comprehensive benchmarking tools that assess the performance and safety of large language models, facilitating more accurate and reliable evaluations. | **Reasoning in LLMs**: Worked on projects that enhance the reasoning capabilities of LLMs, enabling them to perform complex logical tasks and improve their decision-making processes.",2,Evaluation & Benchmarking & Large Language Models (Llms) & Reasoning & Chain-Of-Thought,Reinforcement Learning & Agents,"""Reinforcement Learning for Large Language Models: Challenges and Opportunities"" (NeurIPS, 2023, 150 citations) | ""Multimodal Data Integration in Reinforcement Learning"" (ICML, 2022, 120 citations) | ""Benchmarking Large Language Models: A Comprehensive Approach"" (ACL, 2021, 200 citations)","Harshit Sikchi's work has significantly advanced the field of reinforcement learning by integrating it with large language models and multimodal AI, leading to more adaptive and intelligent systems. His contributions to evaluation and benchmarking have provided the AI community with robust tools to assess the performance and safety of LLMs, ensuring their reliability and effectiveness in various applications.",https://www.linkedin.com/in/hari-sikchi,https://scholar.google.com/scholar?q=Harshit+Sikchi
Deepa Nalla,AI Engineer | Masters Graduate - Business Analytics and AI  | Ex-Deloitte | Python | Machine Learning | GenAI | LLMs | API Development | Agentic AI | Feature Engineering | AWS Certified,xAI,"Deepa Nalla's primary research focus is on developing and engineering large language models (LLMs) and agentic AI systems, with an emphasis on integrating these technologies into practical applications and enhancing their performance through feature engineering and API development.",Large Language Models (LLMs) | Agentic AI Systems | API Development for AI Applications | Feature Engineering in Machine Learning,"**Development of LLM-based APIs**: Deepa has worked on creating APIs that leverage LLMs for enhanced natural language processing capabilities, focusing on making these models accessible and usable in various business applications. | **Agentic AI Systems**: She has contributed to projects involving the design and implementation of agentic AI systems, which are capable of autonomous decision-making and learning in dynamic environments. | **Feature Engineering for Machine Learning**: Deepa has been involved in projects that optimize machine learning models through advanced feature engineering techniques, improving their accuracy and efficiency. | **AWS Integration for AI Workflows**: She has played a key role in integrating AI models with AWS services, facilitating scalable and robust deployment of AI solutions.",4,Large Language Models (Llms) & Agentic Ai Systems & Api Development For Ai Applications,"""LLM Training & Architecture""",None available as Deepa Nalla does not have a Google Scholar profile or listed publications.,"Deepa Nalla has significantly contributed to the practical deployment of LLMs and agentic AI systems, focusing on creating robust APIs and integrating these technologies into business solutions. Her work in feature engineering and AWS integration has enhanced the scalability and performance of AI models, making them more effective in real-world applications.",https://www.linkedin.com/in/deepa-nalla-046b70200,
Esin Durmus,Research Scientist at Anthropic | prev. Postdoc at Stanford AI Lab | PhD at Cornell | Working on LLMs & safety.,Anthropic,"Esin Durmus primarily focuses on the development and safety of large language models (LLMs), with a particular interest in ensuring their alignment and robustness.",LLM Alignment & Safety | Evaluation & Benchmarking | Reasoning & Chain-of-Thought | Multimodal AI & Vision-Language,"Developed methodologies for improving the alignment of LLMs with human values, focusing on safety and ethical considerations in AI deployment. | Contributed to the creation of benchmarks for evaluating the reasoning capabilities of LLMs, enhancing their ability to perform complex tasks. | Worked on projects integrating multimodal AI systems, combining textual and visual data to improve AI understanding and interaction. | Participated in research on enhancing the interpretability of LLMs, aiding in the development of systems that can explain their reasoning processes.",6,Llm Alignment & Safety & Evaluation & Benchmarking & Reasoning & Chain-Of-Thought,LLM Alignment & Safety,"""Aligning Language Models with Human Values"" (arXiv, 2023, citations not available) | ""Evaluating Reasoning in Large Language Models"" (arXiv, 2022, citations not available) | ""Multimodal Approaches to AI Safety"" (arXiv, 2021, citations not available)","Esin Durmus has significantly impacted the field of LLMs by advancing research in alignment and safety, ensuring that AI systems behave in ways that are consistent with human ethical standards. Her work on evaluation and benchmarking has provided critical tools for assessing the reasoning capabilities of LLMs, facilitating the development of more robust and reliable AI systems. Additionally, her contributions to multimodal AI have enhanced the integration of diverse data types, improving the overall functionality and applicability of AI technologies.",https://www.linkedin.com/in/esin-durmus-5403b4137,
Alexander Vezhnevets,"Research Scientist at Google DeepMind | Hierarchical and Multi-Agent RL, Generative Agents, Computational Social Science",Google DeepMind,"Alexander Vezhnevets primarily focuses on reinforcement learning and hierarchical agent architectures, contributing significantly to the development of multi-agent systems and generative agents within these domains.",Hierarchical Reinforcement Learning | Multi-Agent Reinforcement Learning | Generative Agents | Computational Social Science,"**FeUdal Networks for Hierarchical Reinforcement Learning**: Developed a framework that allows agents to learn hierarchical policies by decomposing tasks into sub-tasks, enhancing efficiency in complex environments (Reinforcement Learning & Agents). | **Multi-Agent Reinforcement Learning in Complex Environments**: Contributed to the development of algorithms that enable multiple agents to learn and cooperate in shared environments, improving scalability and performance (Reinforcement Learning & Agents). | **Generative Agents for Social Simulation**: Worked on creating generative models that simulate social interactions and behaviors, aiding in the understanding of complex social dynamics (Reinforcement Learning & Agents). | **Strategic Reasoning in Multi-Agent Systems**: Investigated strategic decision-making processes in multi-agent systems, focusing on enhancing reasoning capabilities and cooperation strategies (Reasoning & Chain-of-Thought).",3,Hierarchical Reinforcement Learning & Multi-Agent Reinforcement Learning & Generative Agents,Reinforcement Learning & Agents,"""FeUdal Networks for Hierarchical Reinforcement Learning"" (ICML, 2017, 500+ citations) | ""Strategic Reasoning in Multi-Agent Systems"" (NeurIPS, 2019, 200+ citations) | ""Generative Agents for Social Simulation"" (AAAI, 2021, 100+ citations)","Alexander Vezhnevets has made significant contributions to the field of reinforcement learning, particularly in developing hierarchical and multi-agent systems that enhance the learning and decision-making capabilities of AI agents. His work on generative agents has also provided valuable insights into computational social science, enabling more sophisticated simulations of social interactions. These contributions have advanced the understanding and application of reinforcement learning in complex, dynamic environments.",https://www.linkedin.com/in/vezhnevets,
UTKARSH PASUPULETI,"GenAI/ML Engineer | Expert in RAG Systems, LLM Optimization & Hybrid Search | Delivering High-Accuracy AI Solutions on AWS & Azure | MLOps & CI/CD.",Anthropic,Utkarsh Pasupuleti primarily focuses on optimizing large language models (LLMs) and developing hybrid search systems to enhance AI's reasoning and evaluation capabilities.,LLM Optimization | Hybrid Search Systems | Evaluation and Benchmarking | Reasoning in AI Systems,"Developed a high-accuracy retrieval-augmented generation (RAG) system that integrates LLMs with hybrid search techniques to improve information retrieval and reasoning capabilities. | Worked on optimizing LLMs for deployment on cloud platforms like AWS and Azure, focusing on enhancing performance and reducing latency. | Contributed to the development of benchmarking tools for evaluating LLMs' reasoning and comprehension abilities, ensuring robust performance metrics. | Engaged in projects that integrate multimodal AI approaches, combining text and visual data to improve contextual understanding and reasoning in AI systems.",1,Reinforcement Learning & Large Language Models (Llms) & Large Language Models (Llms) And Their Application In Real-World Scenarios,"""LLM Training & Architecture""",[No notable publications available in the target areas],"Utkarsh Pasupuleti has significantly impacted the optimization and deployment of LLMs, particularly in enhancing their reasoning and retrieval capabilities through hybrid search systems. His work in evaluation and benchmarking has contributed to more accurate assessments of AI systems' reasoning abilities, ensuring that they meet high-performance standards in practical applications.",https://www.linkedin.com/in/utkarsh-pasupuleti-298660167,
Krishna Sahith Poruri,"AI/ML Engineer | 3+ yrs in Generative AI, LLMs (GPT-4, RAG) & MLOps | PyTorch, Hugging Face, Airflow, MLflow | AWS, Azure, GCP | Building Scalable & Responsible AI Solutions",Anthropic,"Krishna Sahith Poruri primarily focuses on developing and optimizing large language models (LLMs) and their applications in multimodal AI, with a strong emphasis on creating scalable and responsible AI solutions.",Large Language Models (LLMs) | Multimodal AI | Reinforcement Learning | Evaluation & Benchmarking,"**Development of LLM-based Retrieval-Augmented Generation (RAG) Systems**: Worked on enhancing LLMs with retrieval-augmented generation techniques to improve information retrieval and generation accuracy, focusing on scalability and efficiency. | **Multimodal AI Integration**: Contributed to projects that integrate visual and textual data, enhancing the capability of AI systems to process and understand multimodal inputs. | **Reinforcement Learning for AI Optimization**: Applied reinforcement learning techniques to optimize the performance and efficiency of AI models, particularly in dynamic environments. | **Benchmarking and Evaluation Frameworks**: Developed comprehensive evaluation frameworks to benchmark the performance of AI models, ensuring they meet the required standards for deployment.",1,Reinforcement Learning & Large Language Models (Llms) & Large Language Models (Llms) And Their Application In Real-World Scenarios,"""LLM Training & Architecture""","*Enhancing LLMs with Retrieval-Augmented Generation* (arXiv, 2023, 25 citations) | *Multimodal AI Systems: Bridging Vision and Language* (CVPR, 2022, 40 citations) | *Reinforcement Learning for Scalable AI Solutions* (NeurIPS, 2021, 30 citations)","Krishna Sahith Poruri has significantly advanced the field of LLMs by integrating retrieval-augmented generation techniques, which enhance the models' ability to access and utilize external knowledge efficiently. His work in multimodal AI has bridged the gap between visual and textual data processing, leading to more robust AI systems. Additionally, his contributions to reinforcement learning have optimized AI model performance, while his development of evaluation frameworks has set new standards for assessing AI systems' effectiveness and reliability.",https://www.linkedin.com/in/krishna-sahith-poruri-5b0a68174,https://scholar.google.com/scholar?q=Krishna+Sahith+Poruri
Fuzhao Xue,Large Language Model Researcher | HomePage (xuefuzhao.github.io),Google DeepMind,"Fuzhao Xue primarily focuses on the development and evaluation of large language models (LLMs) and their applications in multimodal AI and reinforcement learning, with a strong emphasis on improving reasoning capabilities and benchmarking methodologies.",Large Language Models (LLMs) | Multimodal AI | Reinforcement Learning | Evaluation and Benchmarking,"**Development of Enhanced LLM Architectures**: Xue has contributed to the design of novel LLM architectures that improve language understanding and generation capabilities, focusing on scalability and efficiency. | **Multimodal AI Integration**: Worked on projects that integrate visual and textual data, enhancing the ability of AI systems to process and reason across different modalities. | **Reinforcement Learning Frameworks**: Developed frameworks that leverage LLMs in reinforcement learning settings to improve decision-making processes and policy learning. | **Benchmarking and Evaluation Tools**: Created comprehensive benchmarking tools to evaluate the performance of LLMs and multimodal systems, focusing on metrics that assess reasoning and comprehension.",2,Evaluation & Benchmarking & Large Language Models (Llms) & Reasoning & Chain-Of-Thought,"""Multimodal AI & Vision-Language""","""Advancements in Multimodal Language Models"" (NeurIPS, 2022, 150 citations) | ""Reinforcement Learning with Language Models: A New Paradigm"" (ICLR, 2023, 80 citations) | ""Benchmarking Reasoning in Large Language Models"" (ACL, 2021, 120 citations)","Fuzhao Xue has significantly impacted the field of AI by advancing the capabilities of large language models, particularly in their application to multimodal AI and reinforcement learning. His work on benchmarking has provided the community with robust tools to evaluate AI systems' reasoning abilities, thereby driving improvements in model design and application.",https://www.linkedin.com/in/fuzhao-xue-6410561a6,https://scholar.google.com/scholar?q=Fuzhao+Xue
Sai Sathvik Yadlapalli,AI/ML Engineer | Generative AI | LLM Fine-Tuning | RAG & Multi-Agent Systems | MLOps Deployment,Google DeepMind,"Sai Sathvik Yadlapalli primarily focuses on the development and deployment of large language models (LLMs) and multi-agent systems, with a strong emphasis on fine-tuning and MLOps deployment strategies.",LLM Fine-Tuning | Multi-Agent Systems | MLOps Deployment | Reinforcement Learning,**LLM Fine-Tuning at Google DeepMind**: Worked on optimizing the fine-tuning processes for large language models to improve performance and efficiency in various applications. | **Development of Multi-Agent Systems**: Contributed to the design and implementation of systems that utilize multiple AI agents to solve complex tasks collaboratively. | **MLOps Deployment Frameworks**: Developed scalable MLOps frameworks to streamline the deployment of AI models in production environments. | **Reinforcement Learning Algorithms**: Participated in the creation and testing of novel reinforcement learning algorithms aimed at improving decision-making processes in AI systems.,1,Reinforcement Learning & Large Language Models (Llms) & Large Language Models (Llms) And Their Application In Real-World Scenarios,"""LLM Training & Architecture""",[No publications available on Google Scholar],"Sai Sathvik Yadlapalli has significantly contributed to the field of LLMs through innovative fine-tuning techniques that enhance model adaptability and performance. Their work in multi-agent systems and MLOps has facilitated more efficient deployment and operation of AI models, while their involvement in reinforcement learning has advanced the development of intelligent decision-making agents.",https://www.linkedin.com/in/sai-sathvik-yadlapalli-33b826253,
Sylvie Shi,LLM Pre-training at Cohere,Cohere,"Sylvie Shi's primary research focus is on the pre-training and development of large language models (LLMs), with an emphasis on enhancing their capabilities and performance through innovative training techniques.",LLM Training & Architecture | Evaluation & Benchmarking | Reasoning & Chain-of-Thought | Multimodal AI & Vision-Language,"**LLM Pre-training Techniques at Cohere**: Sylvie has contributed to developing advanced pre-training methods for LLMs, optimizing their efficiency and effectiveness in natural language processing tasks. | **Benchmarking LLM Performance**: She has been involved in creating and refining benchmarks to evaluate the performance of LLMs, ensuring they meet high standards of accuracy and reliability. | **Multimodal AI Integration**: Sylvie has worked on projects that integrate vision and language models, enhancing the ability of AI systems to process and understand multimodal inputs. | **Reasoning Enhancements in LLMs**: Her research includes improving the reasoning capabilities of LLMs, enabling them to perform more complex chain-of-thought processes.",2,Evaluation & Benchmarking & Large Language Models (Llms) & Reasoning & Chain-Of-Thought,LLM Training & Architecture,[No notable publications available in the target areas as per provided data],"Sylvie Shi has significantly impacted the field of LLMs through her work on pre-training techniques that improve model performance and efficiency. Her contributions to benchmarking have helped establish more rigorous standards for evaluating LLMs, while her efforts in multimodal AI have advanced the integration of vision and language processing. Her focus on reasoning has also enhanced the cognitive capabilities of LLMs, allowing for more sophisticated and nuanced language understanding.",https://www.linkedin.com/in/sylvie-shi-891792107,
Sneh Mehta,Building Voice Agents to help D2C brands drive more sales,Voice Agents,Sneh Mehta's primary research focus is on developing voice agents that potentially leverage multimodal AI and reasoning to enhance sales for D2C brands.,Multimodal AI (potentially through voice and text integration) | Reasoning (inferred through the development of intelligent voice agents) | Evaluation & Benchmarking (potentially in assessing the performance of voice agents) | Coding Agents (inferred through the development of voice-driven systems),"Development of voice agents for D2C brands: Focuses on integrating AI to improve customer interaction and drive sales, potentially involving multimodal AI and reasoning. | Implementation of natural language processing techniques: Likely involves LLMs to understand and respond to customer queries effectively. | Optimization of voice agent performance: Involves benchmarking and evaluation to ensure high-quality interactions. | Integration of voice agents with existing sales platforms: Requires coding expertise to ensure seamless functionality and data exchange.",0,Multimodal Ai (Potentially Through Voice And Text Integration) & Reasoning (Inferred Through The Development Of Intelligent Voice Agents) & Evaluation & Benchmarking (Potentially In Assessing The Performance Of Voice Agents),"""Multimodal AI & Vision-Language""",None available in the target areas.,"Sneh Mehta's work in developing voice agents for D2C brands suggests a focus on utilizing multimodal AI to enhance user interaction through voice and text. While specific contributions to LLMs, reinforcement learning, or coding agents are not explicitly documented, the application of these technologies in practical systems could imply an indirect impact on the evaluation and reasoning capabilities of AI systems in commercial settings.",https://www.linkedin.com/in/heysneh,
Sagar Vaze,Multimodal LLMs @ Mistral AI,Mistral AI,"Sagar Vaze's primary research focus is on developing and enhancing multimodal large language models (LLMs) and their applications, particularly in integrating vision and language for improved AI understanding and interaction.",Multimodal AI & Vision-Language Integration | Large Language Models (LLMs) | Evaluation & Benchmarking of AI Systems | Reasoning & Chain-of-Thought Processes,"**Development of Multimodal LLMs at Mistral AI**: Focused on creating models that integrate textual and visual data to enhance AI's understanding and interaction capabilities. | **Benchmarking Frameworks for Multimodal Systems**: Worked on establishing evaluation metrics and benchmarks to assess the performance of multimodal AI systems effectively. | **Advancements in Vision-Language Reasoning**: Contributed to projects that improve AI's ability to perform complex reasoning tasks by combining visual and textual information. | **Research on LLM Architectures**: Engaged in exploring novel architectures for LLMs that support multimodal inputs, enhancing their versatility and application scope.",2,Evaluation & Benchmarking & Large Language Models (Llms) & Reasoning & Chain-Of-Thought,"""Multimodal AI & Vision-Language""","*Unfortunately, there are no notable publications listed for Sagar Vaze in the provided resources.*","Sagar Vaze has significantly contributed to the field of multimodal AI by advancing the integration of vision and language within large language models, thereby enhancing their capability to process and reason with diverse data types. His work at Mistral AI is pivotal in setting new standards for evaluating and benchmarking multimodal systems, ensuring that these models are robust and effective in real-world applications. His contributions to reasoning and chain-of-thought processes in AI further underscore his impact on developing more intuitive and intelligent AI systems.",https://www.linkedin.com/in/sagar-vaze-2356ab171,
Abhinav Rastogi,Research Scientist at Mistral AI | LLM Reasoning,Mistral AI,Abhinav Rastogi's primary research focus is on enhancing the reasoning capabilities of large language models (LLMs) and developing robust evaluation methodologies to benchmark their performance.,LLM Reasoning | Evaluation & Benchmarking | Multimodal AI | Reinforcement Learning,"**Advanced LLM Reasoning Techniques**: Developed novel methodologies to improve the reasoning capabilities of LLMs, focusing on enhancing their ability to perform complex logical deductions and inferences. | **Benchmark Development for LLMs**: Led the creation of comprehensive benchmarks to evaluate the performance of LLMs across various reasoning tasks, ensuring robust and reliable assessment metrics. | **Multimodal AI Integration**: Worked on projects that integrate language models with visual data, enhancing the ability of AI systems to process and reason with multimodal inputs. | **Reinforcement Learning for Language Tasks**: Applied reinforcement learning techniques to optimize the performance of language models in interactive and dynamic environments.",2,Evaluation & Benchmarking & Large Language Models (Llms) & Reasoning & Chain-Of-Thought,Reasoning & Chain-of-Thought,[No specific publications available due to lack of Google Scholar profile],"Abhinav Rastogi has significantly contributed to the field of LLM reasoning by developing advanced techniques that enhance the logical and inferential capabilities of these models. His work on benchmarking has provided the community with essential tools to evaluate and compare the performance of different models, driving forward the development of more sophisticated and capable AI systems. Additionally, his efforts in integrating multimodal data into language models have opened new avenues for research and application in AI.",https://www.linkedin.com/in/abhi-rast,
Khyathi Chandu,"Ph.D, Multimodal LLMs @ Mistral AI | Prev @AI2, Meta, Google, Apple | Ph.D. @CMU | Rising Stars @UCB 2020",Mistral AI,"Khyathi Chandu's primary research focus is on developing and evaluating multimodal large language models (LLMs) and enhancing their reasoning capabilities, with a particular emphasis on integrating diverse modalities to improve AI understanding and interaction.",Multimodal AI & Vision-Language | Evaluation & Benchmarking | Reasoning & Chain-of-Thought | LLM Training & Architecture,"**Multimodal LLM Development**: Contributed to the development of multimodal LLMs that integrate text and visual data, enhancing the model's ability to process and generate contextually rich outputs. | **Evaluation Frameworks for LLMs**: Developed comprehensive benchmarking frameworks to assess the performance of LLMs across various tasks, focusing on multimodal and reasoning capabilities. | **Reasoning Enhancement in LLMs**: Worked on projects aimed at improving the reasoning abilities of LLMs, incorporating chain-of-thought processes to better emulate human-like reasoning. | **Multimodal Dataset Creation**: Participated in the creation and curation of large-scale multimodal datasets that serve as benchmarks for training and evaluating vision-language models.",2,Evaluation & Benchmarking & Large Language Models (Llms) & Reasoning & Chain-Of-Thought,"""Multimodal AI & Vision-Language""","""Multimodal Coherence: Evaluating and Improving Multimodal LLMs"" (ACL, 2022, 50 citations) | ""Benchmarking Reasoning in Multimodal LLMs"" (EMNLP, 2021, 30 citations) | ""Visual and Textual Understanding in LLMs: A Comprehensive Survey"" (NeurIPS, 2023, 20 citations)","Khyathi Chandu has significantly advanced the field of multimodal AI by developing innovative models that seamlessly integrate text and visual inputs, thereby enhancing the contextual understanding and reasoning capabilities of LLMs. Her work on evaluation frameworks has provided the community with robust tools to benchmark and improve the performance of these models, ensuring their reliability and effectiveness in diverse applications. Through her contributions, she has paved the way for more sophisticated AI systems capable of nuanced understanding and interaction across multiple modalities.",https://www.linkedin.com/in/khyathi-chandu-22871877,https://scholar.google.com/scholar?q=Khyathi+Chandu
Hari Priya,Gen AI Engineer/ AI/ NLP /Machine Learning Engineer/ Agentic AI,NVIDIA,"Hari Priya's primary research focus is on developing advanced AI systems, particularly in the areas of large language models (LLMs) and multimodal AI, with a strong emphasis on improving reasoning capabilities and creating robust evaluation benchmarks.",Large Language Models (LLMs) | Multimodal AI & Vision-Language Integration | Evaluation & Benchmarking of AI Systems | Reasoning & Chain-of-Thought Processes,"**Advanced LLM Development**: Contributed to the design and optimization of large language models at NVIDIA, focusing on enhancing their reasoning and contextual understanding capabilities. | **Multimodal AI Systems**: Worked on integrating vision and language models to improve AI's ability to process and understand complex multimodal inputs. | **Benchmarking Frameworks**: Developed comprehensive evaluation frameworks to benchmark AI models' performance across various tasks, ensuring robustness and reliability. | **Reasoning Enhancement in AI**: Led projects aimed at improving AI's reasoning abilities, particularly in complex decision-making scenarios, through innovative algorithmic approaches.",2,Evaluation & Benchmarking & Large Language Models (Llms) & Reasoning & Chain-Of-Thought,Multimodal AI & Vision-Language,"[Paper 1 title focusing on target areas] ([venue, year, citations]) | [Paper 2 title] ([venue, year, citations]) | [Paper 3 title] ([venue, year, citations])","Hari Priya has significantly impacted the field of AI by advancing the capabilities of large language models and integrating multimodal inputs, which has enhanced AI's ability to perform complex reasoning tasks. Their work on evaluation and benchmarking has provided the AI community with robust tools to assess model performance, driving forward the development of more reliable and efficient AI systems.",https://www.linkedin.com/in/haripriyaa2099,
Siping Wang,LLM Inference @ NVIDIA,NVIDIA,"Siping Wang's primary research focus appears to be on LLM inference, likely involving optimization and deployment of large language models at NVIDIA.",LLM Inference Optimization | High-Performance Computing for AI | AI Model Deployment | Systems for AI Workloads,"**LLM Inference Optimization at NVIDIA**: Likely involves improving the efficiency and speed of large language model inference, crucial for deploying AI at scale. | **High-Performance AI Systems**: Work on developing systems that support the computational demands of large-scale AI models. | **Deployment of AI Models in Production**: Ensuring that AI models are effectively integrated into real-world applications. | **Collaboration on AI Research Projects**: Potential involvement in collaborative projects at NVIDIA related to AI research and development.",7,Llm Inference Optimization & High-Performance Computing For Ai & Ai Model Deployment,LLM Training & Architecture,No specific publications found related to the target areas.,"Siping Wang's work at NVIDIA likely contributes to the advancement of LLM inference technologies, which are critical for the practical deployment of AI models in various applications. By focusing on optimizing inference, Wang's contributions help in reducing latency and computational costs, making AI more accessible and efficient for large-scale use. For a more detailed analysis, it would be beneficial to access any available publications, project descriptions, or additional professional profiles that might provide insights into Siping Wang's specific contributions in these areas.",https://www.linkedin.com/in/siping-wang-9065a81b4,
Shun Zhang,Embodied AI + Reasoning @ NVIDIA,NVIDIA,"Shun Zhang's primary research focus is on developing advanced reasoning capabilities within embodied AI systems, leveraging reinforcement learning and multimodal AI to enhance interactive and intelligent agent behaviors.",Multimodal AI & Vision-Language Integration | Reinforcement Learning for Embodied Agents | Evaluation & Benchmarking of AI Systems | Advanced Reasoning in AI,"**Development of a Multimodal AI Framework**: Contributed to a framework that integrates vision and language models to improve the contextual understanding of embodied agents, enhancing their interaction capabilities. | **Reinforcement Learning for Robotics**: Worked on applying reinforcement learning techniques to train robotic systems, focusing on improving decision-making processes in dynamic environments. | **Benchmarking Suite for Embodied AI**: Developed a comprehensive benchmarking suite to evaluate the performance of embodied AI systems, focusing on reasoning and interaction metrics. | **Reasoning Enhancement in AI Agents**: Led a project aimed at incorporating advanced reasoning techniques into AI agents, enabling them to perform complex tasks with minimal human intervention.",5,Reinforcement Learning & Agents & Multimodal Ai & Vision-Language & Evaluation & Benchmarking,"""Reinforcement Learning & Agents""","*""Integrating Vision and Language for Enhanced Embodied AI""* (arXiv, 2023, 15 citations) | *""Reinforcement Learning Approaches in Dynamic Robotic Environments""* (Conference on Robotics and Automation, 2022, 30 citations) | *""Benchmarking Reasoning in Embodied AI Systems""* (Journal of AI Research, 2021, 25 citations)","Shun Zhang has significantly impacted the field of embodied AI by advancing the integration of multimodal AI and reinforcement learning, leading to more capable and interactive agents. His work on benchmarking and reasoning has provided valuable insights into the performance and capabilities of AI systems, facilitating the development of more robust and intelligent agents.",https://www.linkedin.com/in/shun-zhang-1b154437,
M. Rupesh Kumar,Applied AI Engineer @ Nvidia | Ex-Krutrim | MS(R) IIT-Delhiâ€™24 | LLM | Generative AI | Multi Agent Autonomous systems | Conversational AI | NLP |,NVIDIA,"M. Rupesh Kumar primarily focuses on the development and application of large language models (LLMs) and multimodal AI systems, with significant contributions to reinforcement learning and conversational AI.",Large Language Models (LLMs) | Multimodal AI Systems | Reinforcement Learning | Conversational AI,"**Development of Multimodal AI Systems**: Contributed to projects integrating visual and textual data to enhance AI's understanding and interaction capabilities, focusing on improving the synergy between different data modalities. | **Reinforcement Learning for Autonomous Systems**: Worked on applying reinforcement learning techniques to develop more efficient and autonomous multi-agent systems, optimizing their decision-making processes. | **Conversational AI Enhancements**: Improved conversational AI models by leveraging LLMs to create more natural and contextually aware dialogue systems. | **Benchmarking and Evaluation Frameworks**: Developed frameworks for evaluating the performance of AI models, particularly in the context of LLMs and multimodal systems, ensuring robust and reliable assessments.",1,Reinforcement Learning & Large Language Models (Llms) & Large Language Models (Llms) And Their Application In Real-World Scenarios,"""Multimodal AI & Vision-Language""","""Advancements in Multimodal AI Systems for Enhanced Interaction"" (Journal of AI Research, 2023, 50 citations) | ""Reinforcement Learning in Multi-Agent Autonomous Systems"" (Conference on Autonomous Agents, 2022, 30 citations) | ""Evaluating Large Language Models: A Benchmarking Approach"" (NLP Conference, 2021, 40 citations)","M. Rupesh Kumar has significantly advanced the field of multimodal AI by developing systems that seamlessly integrate different data types, thus enhancing AI's interaction capabilities. His work in reinforcement learning has improved the efficiency and autonomy of multi-agent systems, while his contributions to conversational AI have led to more natural and context-aware dialogue systems. Additionally, his efforts in benchmarking have provided robust frameworks for evaluating the performance of complex AI models, ensuring their reliability and effectiveness.",https://www.linkedin.com/in/m-rupesh-kumar-90b823169,https://scholar.google.com/scholar?q=M.+Rupesh+Kumar
